Tag,Count
android,34418
spring,11882
swing,11433
eclipse,11425
hibernate,7262
maven,5650
arrays,5485
xml,5346
multi-threading,4870
jsp,4549
spring-mvc,4382
json,4316
mysql,4058
servlets,3731
string,3630
jpa,3569
tomcat,3501
arraylist,3002
javascript,2916
sql,2889
java-ee,2843
web-services,2763
regex,2645
jdbc,2632
netbeans,2341
rest,2245
javafx,2207
sockets,2041
user-interface,1975
jar,1922
generics,1912
html,1906
junit,1825
libgdx,1742
selenium,1585
file,1571
hadoop,1571
google-app-engine,1540
database,1528
intellij-idea,1467
class,1457
algorithm,1450
java-8,1427
gwt,1403
jframe,1399
exception,1384
jboss,1369
null-pointer-exception,1343
android-fragments,1337
apache,1311
jsf,1281
jaxb,1279
oracle,1274
image,1269
performance,1266
jtable,1261
linux,1260
methods,1222
applet,1210
sqlite,1165
selenium-webdriver,1130
spring-security,1129
jpanel,1129
object,1128
loops,1112
jersey,1101
date,1092
jackson,1091
sorting,1089
unit-testing,1081
struts2,1049
c++,1045
hashmap,1045
ant,1040
list,1031
collections,1029
gradle,1014
soap,1013
jquery,1010
php,1002
oop,1000
inheritance,999
serialization,986
listview,984
parsing,980
http,978
swt,974
scala,970
windows,965
ssl,952
android-layout,940
android-activity,919
mongodb,917
jvm,909
logging,902
excel,861
c#,852
concurrency,851
apache-poi,836
encryption,832